Predicted Performance Index,Actual Performance Index
50.42,53.0
53.06,50.0
78.22,80.0
25.42,24.0
67.38,64.0
47.62,47.0
83.52,83.0
53.89,56.0
48.13,47.0
62.36,61.0
52.24,55.0
51.54,52.0
71.22,70.0
87.37,86.0
44.57,47.0
50.75,50.0
28.6,27.0
72.33,74.0
65.4,65.0
30.59,35.0
52.47,51.0
49.36,50.0
54.74,51.0
69.8,69.0
55.66,56.0
48.35,52.0
40.57,38.0
79.21,80.0
79.74,82.0
50.52,52.0
44.62,44.0
93.67,93.0
72.54,72.0
29.5,29.0
67.42,67.0
19.7,22.0
53.95,55.0
41.61,45.0
62.32,62.0
44.01,45.0
62.39,61.0
56.71,58.0
44.65,41.0
78.45,78.0
52.54,52.0
48.59,47.0
85.11,86.0
48.13,44.0
27.63,31.0
53.45,51.0
35.0,38.0
81.74,81.0
58.88,59.0
49.64,51.0
76.22,76.0
55.01,56.0
74.1,74.0
54.58,56.0
32.34,33.0
68.41,66.0
53.04,50.0
82.3,83.0
88.76,88.0
61.74,60.0
21.31,19.0
60.11,62.0
17.55,16.0
64.63,64.0
47.06,49.0
87.93,87.0
50.08,51.0
73.23,70.0
74.99,75.0
25.11,26.0
79.46,81.0
78.69,84.0
62.04,57.0
31.33,30.0
55.15,58.0
16.85,17.0
45.58,48.0
53.73,54.0
70.01,69.0
74.98,77.0
59.23,61.0
51.81,49.0
49.08,47.0
46.76,46.0
56.49,55.0
37.42,36.0
75.58,76.0
77.06,75.0
56.63,53.0
69.24,71.0
26.41,26.0
35.26,35.0
53.85,55.0
27.61,30.0
49.78,47.0
25.23,24.0
51.26,51.0
71.34,70.0
55.53,55.0
76.36,77.0
38.91,39.0
86.41,84.0
29.75,32.0
59.78,59.0
54.52,54.0
68.08,67.0
76.84,77.0
66.68,71.0
61.45,62.0
68.57,68.0
32.85,32.0
59.43,59.0
88.26,85.0
59.8,57.0
61.16,58.0
31.61,30.0
56.36,59.0
29.21,30.0
44.57,44.0
40.49,44.0
83.06,82.0
59.51,56.0
57.57,58.0
36.23,40.0
63.92,60.0
30.06,29.0
79.0,79.0
35.24,37.0
83.97,84.0
28.46,30.0
50.25,47.0
46.53,47.0
79.75,78.0
23.16,24.0
43.41,43.0
39.68,37.0
59.05,59.0
51.61,55.0
38.21,37.0
62.34,59.0
70.23,72.0
75.39,73.0
35.43,35.0
50.82,50.0
88.37,89.0
75.65,75.0
46.31,49.0
75.51,75.0
29.61,30.0
66.1,70.0
27.28,27.0
28.48,27.0
76.11,75.0
44.57,43.0
40.52,42.0
41.13,42.0
75.86,77.0
45.14,43.0
23.39,22.0
24.42,23.0
59.7,61.0
58.11,57.0
48.63,49.0
63.77,64.0
30.94,30.0
26.34,26.0
21.38,23.0
83.41,86.0
41.23,39.0
79.49,79.0
62.51,62.0
72.28,73.0
37.92,37.0
30.8,31.0
69.83,71.0
46.09,47.0
52.22,53.0
82.82,81.0
79.26,80.0
75.11,72.0
78.18,82.0
38.3,37.0
65.07,65.0
73.54,74.0
43.81,44.0
82.0,81.0
30.63,29.0
52.5,53.0
75.8,76.0
27.8,28.0
41.27,44.0
73.92,74.0
27.84,30.0
35.05,37.0
66.21,64.0
86.37,86.0
23.03,24.0
63.06,62.0
59.41,59.0
43.36,45.0
58.8,61.0
60.8,60.0
54.71,57.0
37.27,36.0
41.43,43.0
39.4,40.0
90.2,95.0
74.68,74.0
36.62,35.0
59.7,59.0
54.01,53.0
53.71,53.0
80.94,78.0
32.63,33.0
85.05,86.0
70.36,72.0
44.55,44.0
50.67,54.0
33.82,34.0
55.96,59.0
30.56,29.0
32.69,34.0
91.46,94.0
34.43,36.0
70.05,70.0
74.43,76.0
39.65,38.0
58.6,61.0
89.49,91.0
42.8,40.0
59.69,58.0
46.75,48.0
39.77,35.0
47.23,51.0
61.47,60.0
46.13,48.0
60.2,59.0
66.45,67.0
68.83,70.0
65.65,63.0
51.0,50.0
59.13,61.0
31.51,31.0
47.47,46.0
38.76,38.0
61.0,59.0
73.27,70.0
55.52,56.0
85.3,84.0
73.94,73.0
73.37,70.0
44.71,46.0
89.93,93.0
26.45,26.0
76.93,72.0
42.14,43.0
74.54,74.0
32.45,32.0
57.03,59.0
59.94,59.0
28.08,28.0
15.35,11.0
36.58,36.0
45.52,47.0
73.97,72.0
19.89,22.0
57.18,59.0
59.87,59.0
57.32,58.0
93.74,93.0
56.02,55.0
67.26,66.0
38.66,42.0
32.43,34.0
67.05,66.0
67.62,69.0
41.93,43.0
65.2,66.0
42.72,43.0
41.32,42.0
38.5,38.0
84.47,86.0
84.62,83.0
33.82,37.0
21.2,21.0
21.22,25.0
56.15,55.0
67.64,71.0
51.9,52.0
67.83,64.0
43.18,41.0
70.02,68.0
41.29,39.0
38.99,38.0
46.87,45.0
38.05,36.0
46.89,50.0
45.36,48.0
65.78,67.0
51.62,50.0
46.09,43.0
74.18,77.0
75.89,74.0
47.63,49.0
33.0,34.0
36.68,37.0
46.29,49.0
47.33,50.0
21.12,19.0
71.67,70.0
43.87,46.0
86.72,87.0
38.71,39.0
65.97,65.0
66.52,66.0
52.85,52.0
36.19,38.0
49.54,46.0
43.74,47.0
22.53,22.0
42.27,42.0
55.72,58.0
77.51,77.0
43.23,43.0
82.49,83.0
48.14,46.0
47.27,47.0
82.25,85.0
26.48,29.0
37.46,36.0
57.02,55.0
42.99,46.0
82.63,83.0
38.98,36.0
86.7,89.0
40.92,43.0
57.71,59.0
32.62,35.0
37.74,40.0
77.95,77.0
55.12,56.0
68.73,68.0
27.25,28.0
68.45,71.0
36.88,37.0
65.04,63.0
45.44,43.0
77.61,77.0
62.03,62.0
59.11,57.0
53.84,59.0
50.64,48.0
71.52,75.0
83.07,86.0
55.67,55.0
62.62,63.0
65.47,65.0
41.5,42.0
19.85,21.0
84.94,84.0
40.34,38.0
72.1,75.0
54.92,57.0
46.45,53.0
35.67,35.0
46.23,43.0
48.68,46.0
81.97,81.0
19.99,17.0
51.17,52.0
61.81,61.0
47.72,47.0
92.34,94.0
62.14,67.0
63.87,64.0
56.4,54.0
32.7,31.0
31.33,28.0
71.59,72.0
38.3,41.0
56.24,54.0
59.86,57.0
46.82,45.0
70.0,68.0
65.04,70.0
62.84,61.0
80.65,82.0
51.79,51.0
36.65,34.0
69.89,69.0
84.25,82.0
76.35,73.0
46.93,48.0
47.61,48.0
63.24,64.0
68.26,69.0
49.52,50.0
80.4,79.0
72.27,71.0
31.22,32.0
96.01,97.0
74.95,74.0
89.14,86.0
57.66,57.0
29.9,31.0
38.46,35.0
41.12,39.0
89.8,89.0
62.93,62.0
68.71,70.0
83.11,81.0
61.31,61.0
39.88,36.0
84.76,86.0
29.12,27.0
46.16,45.0
55.66,56.0
63.3,65.0
38.26,40.0
55.74,58.0
71.92,73.0
42.66,42.0
52.83,53.0
22.67,24.0
18.08,19.0
22.55,25.0
23.1,21.0
48.73,49.0
29.93,29.0
48.39,51.0
70.01,73.0
41.43,41.0
67.49,70.0
37.83,36.0
50.38,49.0
52.84,54.0
38.35,41.0
95.95,97.0
82.65,80.0
74.47,74.0
54.81,53.0
77.58,79.0
62.96,63.0
44.59,45.0
79.03,78.0
58.27,60.0
38.43,37.0
54.95,54.0
52.25,54.0
74.57,76.0
49.51,50.0
43.34,42.0
73.4,72.0
84.98,83.0
64.72,64.0
81.68,79.0
33.56,36.0
55.83,59.0
46.26,44.0
42.7,43.0
58.33,61.0
33.89,34.0
41.6,43.0
87.77,87.0
90.93,91.0
57.99,56.0
32.6,33.0
62.34,61.0
51.43,49.0
51.45,51.0
60.9,61.0
53.76,50.0
49.19,49.0
65.73,67.0
33.67,38.0
42.99,46.0
67.09,71.0
40.11,37.0
58.31,55.0
74.53,74.0
19.23,21.0
76.07,75.0
52.57,48.0
19.07,20.0
41.25,44.0
50.25,48.0
41.9,44.0
27.01,27.0
56.42,57.0
71.54,66.0
73.43,73.0
95.96,95.0
36.11,38.0
17.36,16.0
67.37,67.0
83.69,84.0
91.45,93.0
55.08,52.0
57.07,55.0
43.59,45.0
85.84,84.0
54.33,56.0
26.18,24.0
66.39,67.0
75.71,75.0
56.74,59.0
67.43,67.0
79.63,79.0
48.79,49.0
42.35,40.0
24.49,22.0
73.07,70.0
69.11,68.0
47.64,48.0
50.53,47.0
54.36,52.0
75.29,75.0
37.25,38.0
89.91,86.0
35.1,35.0
69.61,73.0
81.98,82.0
75.45,74.0
34.51,36.0
58.28,60.0
59.91,59.0
68.59,70.0
57.94,58.0
65.35,65.0
86.37,86.0
82.16,81.0
43.36,43.0
35.8,36.0
57.42,60.0
49.21,51.0
68.31,70.0
28.65,28.0
87.77,88.0
53.5,51.0
44.81,44.0
46.3,47.0
85.84,89.0
65.85,64.0
56.79,57.0
71.8,74.0
57.8,57.0
76.42,77.0
18.52,20.0
71.5,72.0
33.37,29.0
53.04,55.0
22.47,25.0
65.04,69.0
75.58,78.0
56.26,59.0
28.5,30.0
70.04,69.0
43.19,41.0
75.79,76.0
63.44,60.0
82.6,84.0
33.34,36.0
41.79,42.0
70.31,69.0
19.96,20.0
40.79,43.0
58.2,59.0
70.65,70.0
60.6,58.0
38.73,42.0
89.84,92.0
48.1,49.0
66.35,67.0
64.09,66.0
62.9,62.0
59.53,57.0
46.91,46.0
39.88,41.0
24.1,25.0
35.48,33.0
45.76,47.0
57.45,57.0
73.72,71.0
63.63,65.0
80.27,82.0
68.21,70.0
41.52,37.0
90.12,87.0
36.01,36.0
61.92,62.0
27.84,26.0
64.4,67.0
28.3,29.0
55.89,56.0
78.65,80.0
60.05,62.0
88.08,83.0
65.96,64.0
74.54,74.0
72.08,73.0
36.65,34.0
91.46,91.0
24.98,28.0
60.32,56.0
62.63,65.0
74.27,74.0
83.55,83.0
44.55,47.0
33.77,34.0
44.31,44.0
34.71,39.0
48.4,49.0
86.74,89.0
82.52,85.0
63.66,64.0
58.9,58.0
21.24,19.0
55.59,55.0
35.02,36.0
40.91,39.0
81.83,81.0
40.86,40.0
42.57,44.0
71.5,71.0
26.27,25.0
29.44,27.0
58.01,59.0
38.46,38.0
36.4,37.0
82.65,82.0
43.24,40.0
44.18,47.0
60.13,63.0
33.13,31.0
84.14,86.0
70.81,70.0
56.76,55.0
85.24,86.0
63.71,67.0
65.52,65.0
22.57,21.0
45.4,46.0
83.21,83.0
43.5,45.0
88.27,90.0
89.36,87.0
62.15,58.0
30.09,31.0
62.25,62.0
55.09,54.0
48.74,50.0
49.98,54.0
64.84,63.0
55.98,54.0
61.28,59.0
45.72,46.0
68.09,72.0
76.87,78.0
64.98,61.0
50.88,49.0
86.0,84.0
47.1,47.0
45.11,45.0
66.43,66.0
43.43,42.0
88.92,88.0
62.01,63.0
37.07,35.0
48.62,48.0
48.15,47.0
77.92,79.0
67.89,67.0
44.29,44.0
67.04,67.0
43.47,42.0
32.56,34.0
71.9,72.0
32.5,31.0
81.62,80.0
64.13,63.0
88.95,92.0
41.91,37.0
83.98,86.0
69.25,70.0
74.29,77.0
73.08,72.0
51.21,50.0
42.48,41.0
71.78,73.0
34.76,36.0
52.6,52.0
75.54,74.0
52.57,52.0
44.21,44.0
73.97,76.0
61.17,60.0
55.07,51.0
37.69,37.0
79.51,84.0
74.45,72.0
87.55,91.0
46.39,45.0
58.45,58.0
84.44,85.0
52.96,50.0
12.5,13.0
67.21,64.0
53.2,50.0
50.86,50.0
70.44,74.0
32.93,29.0
61.6,64.0
45.34,47.0
69.69,70.0
27.46,27.0
53.88,53.0
70.73,67.0
45.17,47.0
37.19,36.0
65.85,62.0
22.7,19.0
87.54,88.0
58.67,57.0
51.16,51.0
41.35,37.0
43.8,42.0
41.11,41.0
78.56,78.0
91.55,91.0
47.4,50.0
54.28,59.0
44.85,47.0
42.96,41.0
22.26,22.0
92.93,92.0
59.69,61.0
73.51,75.0
59.16,59.0
39.0,38.0
33.72,34.0
72.68,73.0
35.66,38.0
41.06,39.0
49.26,47.0
34.36,36.0
50.27,48.0
72.8,74.0
43.75,45.0
56.2,55.0
39.09,37.0
49.14,46.0
58.76,59.0
41.41,46.0
67.89,68.0
93.5,93.0
89.36,84.0
38.59,39.0
68.64,68.0
20.93,22.0
74.4,79.0
49.88,50.0
34.64,32.0
49.61,48.0
88.16,89.0
76.35,77.0
19.06,19.0
65.27,65.0
63.75,64.0
21.35,19.0
70.78,70.0
76.41,77.0
67.57,71.0
39.04,41.0
69.36,70.0
91.16,92.0
82.43,83.0
60.42,58.0
75.2,74.0
89.02,90.0
38.04,37.0
42.42,42.0
57.46,57.0
40.79,40.0
45.15,43.0
79.84,81.0
45.28,45.0
30.9,32.0
74.23,74.0
78.67,78.0
70.78,68.0
90.32,92.0
73.81,74.0
32.02,33.0
60.16,61.0
38.36,41.0
26.18,27.0
26.66,29.0
88.31,87.0
42.62,44.0
49.86,52.0
83.08,80.0
56.85,51.0
36.82,38.0
57.42,58.0
61.77,64.0
20.95,21.0
65.09,67.0
47.89,48.0
65.43,64.0
64.78,64.0
33.38,32.0
67.54,64.0
45.5,43.0
74.93,75.0
27.47,29.0
78.05,77.0
54.58,54.0
37.59,39.0
63.17,63.0
79.31,82.0
33.96,34.0
81.26,83.0
35.46,35.0
32.4,33.0
63.17,63.0
83.25,82.0
48.91,51.0
67.08,68.0
52.64,54.0
15.05,13.0
61.54,64.0
47.68,46.0
45.84,49.0
76.09,73.0
51.87,53.0
84.11,88.0
31.85,32.0
52.63,51.0
39.32,38.0
59.34,64.0
56.99,60.0
66.33,64.0
55.98,58.0
40.83,43.0
60.26,59.0
45.99,46.0
28.85,34.0
46.17,47.0
45.32,45.0
76.98,81.0
19.31,19.0
75.18,76.0
31.83,32.0
71.32,69.0
88.77,92.0
62.39,59.0
42.31,43.0
37.46,38.0
57.84,57.0
39.54,40.0
36.27,37.0
63.79,64.0
80.08,78.0
60.5,62.0
40.78,43.0
97.44,98.0
35.89,36.0
75.23,78.0
43.38,43.0
76.55,77.0
31.78,33.0
72.3,73.0
78.33,80.0
63.64,62.0
57.18,59.0
48.83,49.0
43.64,47.0
35.42,38.0
56.98,59.0
68.79,70.0
75.53,75.0
49.65,49.0
57.16,59.0
42.64,43.0
81.59,85.0
68.31,72.0
72.46,72.0
63.65,67.0
44.1,42.0
42.87,46.0
69.01,70.0
73.35,72.0
82.71,79.0
32.78,35.0
44.64,43.0
48.55,48.0
33.88,34.0
93.51,91.0
79.57,78.0
41.06,42.0
70.75,71.0
59.57,57.0
50.42,52.0
46.19,45.0
57.73,62.0
17.76,13.0
87.91,87.0
77.01,79.0
83.99,87.0
76.5,76.0
62.9,59.0
54.45,56.0
66.82,66.0
63.1,65.0
43.42,41.0
76.63,74.0
38.66,40.0
44.82,41.0
55.09,55.0
83.36,82.0
55.28,51.0
85.47,84.0
35.44,39.0
24.31,25.0
64.84,66.0
60.62,59.0
23.84,21.0
52.09,55.0
56.89,54.0
55.24,53.0
42.45,41.0
26.05,25.0
54.91,59.0
56.17,51.0
58.87,57.0
47.24,48.0
49.03,48.0
94.95,97.0
68.2,67.0
35.11,36.0
45.85,47.0
44.22,42.0
27.9,32.0
69.28,71.0
38.09,38.0
82.47,80.0
81.33,80.0
30.78,30.0
36.77,41.0
42.44,46.0
25.48,25.0
61.36,62.0
15.01,20.0
69.46,69.0
56.18,59.0
39.13,42.0
71.39,71.0
59.82,58.0
54.74,56.0
74.19,77.0
54.89,56.0
41.67,39.0
40.43,39.0
88.91,90.0
67.68,67.0
78.08,78.0
66.44,64.0
75.52,76.0
60.29,61.0
59.05,57.0
64.02,62.0
87.04,89.0
41.68,39.0
43.01,45.0
48.16,45.0
33.78,35.0
77.58,75.0
28.43,24.0
42.75,42.0
16.24,16.0
38.56,36.0
66.03,67.0
79.73,79.0
77.27,77.0
38.4,39.0
68.99,68.0
54.35,55.0
62.42,61.0
70.72,72.0
68.45,73.0
68.34,71.0
56.33,56.0
22.92,24.0
59.8,62.0
59.6,57.0
88.08,87.0
59.93,58.0
43.68,43.0
60.97,60.0
67.77,68.0
77.61,78.0
59.31,59.0
39.17,41.0
40.24,42.0
35.67,36.0
41.81,43.0
46.29,47.0
62.97,60.0
54.01,55.0
36.36,37.0
62.9,64.0
88.97,90.0
53.56,56.0
47.7,49.0
55.87,55.0
30.93,30.0
45.58,46.0
16.82,17.0
38.92,36.0
81.03,78.0
30.25,35.0
73.42,72.0
30.5,34.0
78.29,76.0
32.84,34.0
71.16,76.0
66.16,69.0
34.14,33.0
65.18,67.0
75.74,77.0
54.4,54.0
78.18,78.0
31.61,32.0
65.19,65.0
52.72,51.0
33.32,38.0
47.04,51.0
45.81,44.0
77.81,75.0
42.03,39.0
91.95,94.0
84.52,85.0
35.95,37.0
50.5,47.0
68.12,68.0
70.5,69.0
25.47,30.0
33.09,33.0
28.05,29.0
47.43,43.0
50.08,46.0
56.75,58.0
23.77,24.0
45.93,50.0
68.95,69.0
39.08,42.0
51.47,51.0
68.38,67.0
70.28,69.0
64.49,67.0
69.79,68.0
42.64,41.0
59.36,57.0
50.75,52.0
65.43,66.0
34.42,36.0
24.9,30.0
56.74,57.0
52.32,57.0
38.6,41.0
33.49,32.0
70.25,73.0
66.05,67.0
84.48,88.0
46.97,48.0
52.51,53.0
44.28,41.0
50.93,49.0
68.23,64.0
72.91,75.0
42.84,41.0
42.22,43.0
70.26,69.0
59.8,60.0
49.96,48.0
54.97,52.0
27.04,25.0
71.72,69.0
85.63,86.0
62.46,60.0
69.53,68.0
80.5,79.0
51.36,51.0
82.16,78.0
68.33,70.0
81.24,78.0
53.55,54.0
81.19,81.0
40.83,46.0
34.93,35.0
88.0,86.0
92.78,89.0
36.75,36.0
50.32,49.0
68.0,69.0
28.43,29.0
32.0,34.0
73.22,72.0
71.29,70.0
84.31,87.0
63.65,63.0
55.36,59.0
38.46,36.0
50.92,52.0
42.93,43.0
29.56,26.0
66.22,63.0
33.58,34.0
40.54,44.0
78.21,79.0
49.64,52.0
29.47,31.0
22.81,21.0
38.91,40.0
58.4,60.0
66.76,66.0
58.21,57.0
68.42,69.0
84.24,87.0
36.11,35.0
69.57,69.0
52.08,53.0
32.39,33.0
38.3,38.0
19.35,21.0
62.54,60.0
49.89,53.0
61.95,62.0
25.74,24.0
55.66,56.0
49.31,49.0
69.72,64.0
65.79,65.0
48.59,50.0
54.74,52.0
65.42,65.0
38.21,42.0
70.85,70.0
90.05,89.0
47.01,45.0
72.6,72.0
41.69,42.0
79.52,79.0
75.51,77.0
40.19,40.0
41.69,40.0
34.28,34.0
67.82,70.0
27.14,23.0
91.26,93.0
58.91,59.0
53.24,54.0
48.76,48.0
67.39,67.0
40.75,40.0
42.05,41.0
49.03,49.0
46.28,46.0
31.15,27.0
68.83,71.0
84.31,85.0
59.48,62.0
68.39,70.0
50.9,50.0
70.46,71.0
41.38,40.0
75.32,73.0
66.98,70.0
44.53,48.0
84.01,82.0
42.37,46.0
58.59,56.0
69.48,71.0
40.21,44.0
80.96,82.0
29.13,31.0
66.17,67.0
56.29,56.0
89.08,93.0
37.27,38.0
42.16,43.0
82.68,86.0
63.14,63.0
83.26,81.0
63.07,63.0
72.19,71.0
66.75,66.0
50.28,53.0
55.16,54.0
58.34,61.0
39.86,39.0
67.61,68.0
21.47,23.0
20.37,22.0
70.63,73.0
64.48,64.0
47.31,49.0
69.86,69.0
46.07,46.0
78.24,79.0
80.96,80.0
79.93,81.0
68.2,69.0
69.8,71.0
49.43,48.0
43.7,45.0
63.97,62.0
18.77,23.0
36.85,36.0
41.67,42.0
82.89,81.0
32.46,31.0
29.49,29.0
28.05,27.0
47.4,47.0
60.83,63.0
60.07,61.0
19.66,19.0
76.39,75.0
66.5,68.0
50.96,48.0
78.41,78.0
44.86,43.0
36.63,36.0
73.72,77.0
45.49,45.0
45.9,48.0
51.81,51.0
91.22,93.0
75.02,74.0
50.72,50.0
84.12,84.0
56.92,57.0
38.97,39.0
69.92,65.0
66.23,68.0
58.78,60.0
57.84,56.0
39.96,41.0
55.61,55.0
51.46,49.0
35.69,38.0
70.52,67.0
47.33,48.0
39.64,40.0
38.73,35.0
40.84,39.0
50.69,52.0
33.29,37.0
27.33,23.0
61.22,60.0
44.42,49.0
54.84,58.0
47.02,47.0
42.49,42.0
83.3,84.0
83.49,84.0
79.5,79.0
53.02,52.0
48.49,48.0
47.38,43.0
60.13,58.0
59.25,57.0
60.89,60.0
31.64,31.0
77.71,75.0
38.15,39.0
74.17,74.0
46.95,49.0
50.48,50.0
62.22,63.0
41.23,41.0
51.2,52.0
41.14,43.0
80.33,81.0
31.77,29.0
42.34,42.0
89.93,90.0
81.05,83.0
40.51,42.0
86.35,86.0
77.97,81.0
21.13,19.0
59.14,59.0
41.26,44.0
56.14,53.0
41.82,42.0
37.04,36.0
47.5,46.0
88.92,90.0
55.63,58.0
37.06,38.0
44.18,44.0
59.17,59.0
56.62,56.0
18.46,20.0
33.91,33.0
75.72,75.0
87.26,91.0
60.57,60.0
81.7,82.0
50.72,51.0
45.55,48.0
47.72,48.0
78.09,79.0
24.52,23.0
75.38,73.0
51.72,52.0
39.46,39.0
81.5,79.0
73.38,70.0
65.26,64.0
81.15,82.0
67.94,70.0
89.47,87.0
30.53,33.0
69.63,70.0
61.98,63.0
73.9,73.0
22.43,23.0
50.68,54.0
69.99,70.0
79.76,77.0
66.29,66.0
46.19,45.0
30.45,32.0
64.75,66.0
82.19,83.0
38.12,38.0
64.88,67.0
80.67,82.0
42.8,45.0
69.22,68.0
53.78,57.0
79.97,79.0
70.95,71.0
60.92,59.0
68.05,68.0
60.24,60.0
89.43,88.0
59.08,61.0
26.21,25.0
57.45,60.0
63.89,62.0
63.43,64.0
61.76,68.0
31.23,31.0
30.08,32.0
93.36,97.0
40.88,43.0
37.48,38.0
56.42,57.0
77.6,76.0
79.3,83.0
56.51,59.0
37.81,38.0
49.88,51.0
67.27,67.0
48.03,45.0
33.63,35.0
57.69,59.0
65.07,70.0
52.6,53.0
54.32,59.0
47.83,47.0
60.33,60.0
43.05,40.0
38.08,37.0
49.76,51.0
42.46,43.0
70.68,72.0
67.06,68.0
37.16,36.0
89.97,90.0
69.13,67.0
43.61,43.0
31.28,34.0
85.99,86.0
57.44,56.0
41.72,39.0
92.74,94.0
40.61,40.0
40.53,43.0
27.31,27.0
53.56,53.0
63.04,67.0
36.73,36.0
66.28,69.0
74.01,77.0
41.22,38.0
30.86,33.0
35.45,34.0
61.95,66.0
53.36,51.0
47.47,53.0
41.91,39.0
47.98,47.0
47.12,47.0
72.85,71.0
50.96,51.0
55.13,55.0
19.93,19.0
75.23,75.0
76.56,76.0
70.43,71.0
64.87,65.0
50.5,52.0
68.9,71.0
63.35,63.0
58.82,61.0
71.1,70.0
77.33,75.0
41.95,43.0
22.18,25.0
49.03,49.0
70.86,69.0
61.72,65.0
75.91,76.0
54.2,54.0
68.95,68.0
21.66,20.0
62.84,64.0
47.44,47.0
62.58,63.0
43.25,43.0
52.02,51.0
31.01,33.0
63.07,62.0
50.61,49.0
56.71,54.0
35.95,35.0
70.84,72.0
63.17,62.0
62.49,57.0
54.38,54.0
70.93,71.0
60.92,59.0
47.76,46.0
68.39,68.0
42.41,45.0
64.17,66.0
41.39,43.0
83.27,83.0
63.32,65.0
47.34,49.0
80.58,80.0
60.11,60.0
25.26,24.0
29.68,31.0
59.67,59.0
73.66,72.0
52.24,51.0
16.17,16.0
53.67,57.0
31.14,30.0
66.12,64.0
70.05,67.0
70.44,68.0
42.5,43.0
43.17,45.0
67.03,68.0
13.59,11.0
29.64,30.0
49.74,48.0
43.91,41.0
61.02,64.0
87.04,81.0
52.31,54.0
49.98,49.0
68.18,68.0
80.55,81.0
32.04,31.0
72.76,73.0
37.78,40.0
42.86,45.0
68.1,65.0
83.22,86.0
67.66,68.0
72.27,74.0
55.87,56.0
42.07,44.0
79.44,80.0
59.17,57.0
64.73,63.0
84.75,89.0
32.69,32.0
52.61,56.0
74.96,72.0
36.8,32.0
26.69,29.0
50.55,49.0
56.75,56.0
46.97,46.0
46.05,52.0
38.61,38.0
70.5,74.0
49.22,51.0
71.96,68.0
36.26,35.0
84.08,81.0
73.31,72.0
81.92,82.0
55.23,52.0
94.99,100.0
31.59,35.0
61.26,62.0
52.47,48.0
61.62,61.0
43.43,44.0
37.61,40.0
52.08,51.0
45.1,45.0
21.36,20.0
60.35,62.0
40.27,40.0
72.81,73.0
72.79,74.0
66.22,66.0
31.76,29.0
65.02,64.0
89.35,88.0
62.3,65.0
35.98,34.0
23.47,23.0
31.37,26.0
83.9,85.0
79.66,83.0
41.45,44.0
65.81,62.0
37.41,39.0
52.91,56.0
81.82,83.0
54.88,54.0
79.74,77.0
57.67,59.0
84.42,84.0
60.9,59.0
60.9,61.0
35.79,39.0
27.56,32.0
84.16,86.0
11.97,15.0
62.7,63.0
32.75,34.0
29.54,30.0
12.36,15.0
74.31,73.0
54.67,56.0
69.96,69.0
41.04,41.0
53.46,60.0
64.49,68.0
56.25,54.0
43.44,42.0
37.73,42.0
55.99,60.0
37.59,39.0
27.33,31.0
39.27,40.0
50.68,52.0
31.93,33.0
24.14,25.0
29.89,30.0
89.59,91.0
69.36,67.0
36.79,39.0
74.2,75.0
42.97,45.0
47.28,49.0
51.93,50.0
29.43,31.0
77.1,76.0
14.92,13.0
72.82,73.0
63.08,65.0
32.76,30.0
95.04,95.0
83.13,82.0
81.22,82.0
51.05,51.0
70.09,67.0
59.56,58.0
74.4,71.0
89.93,94.0
54.35,54.0
71.08,67.0
75.23,74.0
52.03,52.0
33.36,33.0
35.26,35.0
53.59,57.0
38.22,37.0
51.06,53.0
67.44,69.0
81.29,84.0
88.01,89.0
37.79,37.0
19.67,21.0
44.43,40.0
69.62,68.0
72.73,71.0
34.4,34.0
16.01,15.0
56.62,56.0
81.79,85.0
34.34,30.0
59.53,58.0
82.56,83.0
74.17,76.0
65.37,67.0
92.74,92.0
46.37,46.0
46.32,45.0
28.29,29.0
61.71,61.0
70.33,73.0
34.21,37.0
57.03,58.0
26.65,27.0
54.14,57.0
60.11,60.0
76.07,72.0
49.09,47.0
61.1,58.0
61.42,63.0
59.83,62.0
80.41,83.0
72.71,73.0
68.03,69.0
34.11,36.0
41.67,42.0
44.2,42.0
56.01,55.0
20.7,22.0
79.92,79.0
84.73,85.0
18.25,18.0
59.8,58.0
37.65,39.0
57.19,57.0
46.7,46.0
54.85,55.0
60.63,61.0
50.73,51.0
69.59,69.0
71.77,69.0
43.88,47.0
44.34,41.0
76.78,79.0
61.43,63.0
68.44,70.0
58.03,59.0
72.95,73.0
38.56,36.0
63.91,65.0
29.4,28.0
72.92,75.0
41.68,39.0
85.78,84.0
46.99,45.0
41.4,38.0
57.04,55.0
65.05,65.0
52.8,54.0
51.14,52.0
33.07,34.0
63.11,65.0
65.23,67.0
53.4,50.0
67.76,69.0
56.3,59.0
49.93,47.0
40.21,40.0
23.78,24.0
62.05,61.0
54.46,54.0
57.67,62.0
30.36,29.0
85.0,79.0
73.38,73.0
81.82,82.0
72.58,72.0
63.24,61.0
44.13,45.0
94.44,97.0
62.35,62.0
40.77,39.0
62.15,61.0
19.74,18.0
21.94,22.0
51.0,53.0
66.07,66.0
43.03,46.0
50.8,50.0
68.47,69.0
44.76,45.0
55.14,53.0
51.95,55.0
82.88,84.0
25.08,23.0
89.26,90.0
64.25,65.0
47.67,45.0
71.75,74.0
32.69,31.0
40.58,41.0
23.69,25.0
49.14,49.0
74.79,74.0
54.67,55.0
39.62,39.0
49.23,49.0
58.67,59.0
38.26,37.0
61.43,59.0
59.21,55.0
71.51,73.0
83.32,82.0
67.58,67.0
60.1,64.0
71.32,72.0
46.51,47.0
46.55,47.0
48.07,50.0
84.96,83.0
84.43,83.0
40.59,37.0
37.26,34.0
85.95,86.0
62.16,60.0
65.47,61.0
49.15,52.0
42.26,42.0
49.26,50.0
57.92,57.0
49.1,50.0
45.99,45.0
36.3,38.0
20.79,18.0
40.08,43.0
33.86,35.0
63.68,62.0
34.37,36.0
34.79,31.0
48.13,48.0
44.19,44.0
23.71,25.0
58.56,60.0
24.62,24.0
34.34,36.0
68.05,70.0
52.61,52.0
50.66,52.0
55.89,55.0
21.99,24.0
86.85,85.0
74.83,77.0
85.06,83.0
47.43,48.0
41.15,39.0
58.93,58.0
56.03,57.0
19.92,23.0
27.36,27.0
42.64,40.0
72.37,72.0
65.39,67.0
17.42,15.0
50.59,49.0
80.21,82.0
54.2,53.0
81.31,83.0
41.16,43.0
57.05,61.0
60.83,62.0
61.41,60.0
76.54,78.0
70.44,71.0
55.74,56.0
79.45,79.0
35.08,33.0
73.92,75.0
29.25,28.0
32.52,33.0
50.95,52.0
53.91,51.0
46.59,48.0
43.15,47.0
63.84,66.0
39.25,41.0
69.86,71.0
92.9,91.0
74.13,74.0
76.14,75.0
59.29,61.0
50.41,48.0
82.68,81.0
43.17,44.0
47.09,44.0
74.95,77.0
46.16,47.0
71.67,73.0
62.38,59.0
42.13,39.0
42.39,42.0
22.11,20.0
48.65,51.0
62.87,56.0
61.57,61.0
32.96,36.0
69.01,67.0
51.15,48.0
51.03,51.0
32.09,34.0
33.43,32.0
64.78,64.0
45.1,46.0
56.14,54.0
50.5,53.0
78.61,80.0
34.72,35.0
56.23,55.0
34.58,36.0
59.21,59.0
71.37,69.0
71.33,69.0
41.49,45.0
41.87,45.0
37.25,41.0
53.8,54.0
40.88,45.0
55.23,56.0
62.2,58.0
63.98,65.0
78.6,77.0
24.77,26.0
78.79,80.0
37.1,36.0
35.83,37.0
68.63,68.0
50.26,49.0
45.76,46.0
71.71,74.0
36.34,37.0
25.6,22.0
60.23,63.0
73.44,77.0
30.86,32.0
38.42,40.0
52.17,54.0
62.79,64.0
51.39,52.0
79.23,78.0
35.77,35.0
42.03,42.0
56.87,57.0
36.36,38.0
31.98,31.0
71.44,69.0
86.31,84.0
87.89,90.0
68.63,71.0
57.28,57.0
38.5,34.0
61.58,61.0
79.14,78.0
74.1,72.0
23.49,23.0
81.29,79.0
75.67,78.0
34.72,33.0
43.04,40.0
22.07,23.0
77.81,78.0
61.08,61.0
70.83,70.0
28.22,24.0
56.54,58.0
56.46,57.0
55.86,54.0
91.12,94.0
78.4,78.0
69.54,72.0
44.56,42.0
71.25,70.0
81.93,85.0
34.58,36.0
49.21,50.0
53.73,55.0
83.82,85.0
66.0,64.0
72.74,75.0
55.6,51.0
36.19,36.0
77.85,75.0
60.58,61.0
80.65,82.0
26.56,22.0
22.27,19.0
56.44,55.0
42.33,42.0
85.7,87.0
50.52,53.0
72.82,74.0
44.06,44.0
83.61,82.0
77.37,77.0
41.71,44.0
56.68,55.0
29.53,27.0
47.14,45.0
31.42,30.0
20.85,22.0
86.63,87.0
43.3,48.0
73.69,72.0
88.04,88.0
81.1,82.0
86.68,85.0
71.32,72.0
82.66,84.0
38.1,39.0
50.07,49.0
19.36,17.0
81.39,80.0
61.28,59.0
62.65,66.0
83.96,87.0
25.43,25.0
63.68,64.0
26.82,28.0
49.07,51.0
78.26,79.0
32.38,31.0
85.98,89.0
69.12,69.0
92.61,91.0
36.31,35.0
83.28,84.0
32.74,34.0
45.93,44.0
73.47,72.0
50.64,54.0
35.94,38.0
57.0,57.0
71.72,72.0
73.96,77.0
51.59,52.0
73.78,77.0
79.91,80.0
62.52,60.0
83.41,83.0
47.41,49.0
60.51,61.0
67.76,66.0
65.8,65.0
71.09,69.0
55.5,54.0
60.87,57.0
75.93,74.0
54.3,54.0
73.78,73.0
50.34,50.0
45.79,47.0
69.44,68.0
41.01,40.0
82.01,83.0
58.09,56.0
44.72,47.0
41.08,39.0
31.07,34.0
18.29,15.0
41.86,38.0
22.62,23.0
29.41,31.0
56.38,53.0
48.29,46.0
81.78,83.0
54.87,54.0
74.74,79.0
58.96,57.0
90.68,91.0
41.74,42.0
64.6,66.0
25.86,27.0
18.79,21.0
